title,categoryName,city,totalScore,reviewsCount
Rumah Batik Jawa Timur Suramadu,Toko Pakaian,Surabaya,4.6,245.0
Monumen Jalesveva Jayamahe,Monumen,Surabaya,4.6,1397.0
Taman Mundu ꦠꦩꦤ꧀ꦩꦸꦤ꧀ꦢꦸ,Taman Kota,Surabaya,4.5,7074.0
Patung Suro dan Boyo,Patung,Surabaya,4.7,7544.0
Monumen Bambu Runcing,Monumen,Surabaya,4.7,6135.0
Taman Harmoni,Taman Kota,Surabaya,4.5,5012.0
Ekowisata Mangrove Wonorejo,Tujuan Wisata,Surabaya,4.3,8042.0
Taman Kunang-Kunang,Taman,Surabaya,4.4,2007.0
Taman Air Mancur Pelangi,Tujuan Wisata,Surabaya,4.4,5384.0
Taman Ekspresi Dan Perpustakaan,Taman,Surabaya,4.5,367.0
Hutan Bambu Keputih Surabaya,Tujuan Wisata,Surabaya,4.3,5997.0
Kebun Bibit Wonorejo,Taman Kota,Surabaya,4.5,7516.0
Food Junction Grand Pakuwon,Pujasera,Surabaya,4.6,24232.0
Taman Prestasi Surabaya,Taman Kota,Surabaya,4.6,9362.0
Museum Mpu Tantular,Museum,Kabupaten Sidoarjo,4.5,3938.0
Taman Bungkul,Taman Kota,Surabaya,4.6,58316.0
Taman Flora,Taman Ekologi,Surabaya,4.7,10757.0
Monumen Tugu Pahlawan dan Museum Sepuluh Nopember Surabaya,Museum,Surabaya,4.7,27200.0
Patung Brahma 4 Rupa,Patung,Surabaya,4.4,689.0
Museum TNI AL Loka Jala Crana,Museum,Surabaya,4.5,620.0
Masjid Muhammad Cheng Hoo Surabaya,Masjid,Surabaya,4.7,7663.0
Masjid Nasional Al-Akbar Surabaya,Masjid,Surabaya,4.9,8357.0
Kenjeran Park,Taman Ekologi,Surabaya,4.2,6243.0
Gereja Katolik Kelahiran Santa Perawan Maria,Gereja Katolik,Surabaya,4.8,1407.0
Kelenteng Sanggar Agung Kenjeran,Kuil Penganut Agama Tao,Surabaya,4.6,2834.0
Atlantis Land,Pusat Rekreasi,Surabaya,4.3,2856.0
Monumen Kapal Selam Surabaya,Museum,Surabaya,4.5,16770.0
Kebun Binatang Surabaya / Surabaya Zoo,Kebun Binatang,Surabaya,4.4,56121.0
Pantai Ria,Tujuan Wisata,Surabaya,4.2,4124.0
Museum De Javasche Bank,Museum,Surabaya,4.7,1818.0
Balai Kota Surabaya,Balai Kota,Surabaya,4.8,1710.0
Taman Pelangi,Taman Kota,Surabaya,4.5,7271.0
Taman Barunawati,Taman Kota,Surabaya,4.3,563.0
Surabaya Museum (Gedung Siola),Museum,Surabaya,4.6,8236.0
Alun-Alun Tigaraksa,Taman,Kabupaten Tangerang,4.4,3886.0
Taman Aspirasi Pemda Tigaraksa,Taman,Kabupaten Tangerang,4.4,580.0
Taman Potret,Taman,Kota Tangerang,4.5,7980.0
Taman Elektrik,Taman,Kota Tangerang,4.7,1639.0
Taman CD PKN STAN,Taman,Kota Tangerang Selatan,4.5,1111.0
Taman Balaikota Melayu Tangerang,Taman,Kota Tangerang,4.5,3697.0
Taman Pramuka,Taman,Kota Tangerang,4.5,558.0
Taman Dayung,Taman,Kota Tangerang,4.5,1063.0
Taman Ekspresi,Taman,Kota Tangerang,4.5,1327.0
Taman Sari Lippo Karawaci,Taman,Kabupaten Tangerang,4.3,831.0
Imperial Klub Golf,Klub Golf,Kabupaten Tangerang,4.5,2206.0
Pondok Makan Sate Asmawi,Restoran Sate,Kota Cilegon,4.3,2920.0
Rumah Makan Ibu Haji Ciganea,Restoran Sunda,Kota Serang,4.4,1760.0
Bakso Wisnu,Restoran Bakso,Kota Serang,4.4,739.0
Rabeg Khas Serang H. Naswi (Magersari),Restoran Sate,Kota Serang,4.4,1053.0
"Mie Ayam Bakso ""Maju"" Mas Bakar",Restoran Bakso,Kota Serang,4.5,1202.0
Dapoer Meneer,Restoran Hamburger,Kota Serang,4.4,1698.0
SUSHI WA Serang,Restoran,Kota Serang,4.9,1323.0
Museum Situs Kepurbakalaan Banten Lama,Museum,Kota Serang,4.4,1233.0
Bendung Pamarayan,Bendungan,Kabupaten Serang,4.3,2187.0
Duren Story Warjok,Restoran,Kota Serang,4.7,8311.0
Gunung Pinang,Tujuan Wisata,Kabupaten Serang,4.1,1323.0
Wisata Air Kencana Tirta Eleven,Taman Rekreasi Air,Kabupaten Tangerang,4.2,1561.0
Alun-Alun Kota Cilegon,Taman Kota,Kota Cilegon,4.4,7154.0
Pesona Enasa Merak Hotel,Hotel,Kota Cilegon,4.1,1487.0
Selfie Time Cilegon Center Mall,Toko,Kota Cilegon,5.0,4717.0
Sanghyang Indah Spa Resort,Hotel Resor,Kabupaten Serang,4.4,2848.0
Cibanten,Tujuan Wisata,Kabupaten Serang,4.4,1430.0
Wisata Agro Bukit Waruwangi,Area Rekreasi Alam,Kabupaten Serang,4.4,3170.0
Allisa Resort Hotel Anyer,Hotel Resor,Kabupaten Serang,4.3,1845.0
"🍀Batukuwung |""Wisata Pemandian Air Panas Belerang & 🏊🏻‍♀️Aquatic""",Kolam renang luar ruangan,Kabupaten Serang,4.1,1387.0
Taman Wisata MBS,Tujuan Wisata,Kota Serang,4.6,3963.0
Carios,Kedai Kopi,Kota Serang,4.6,913.0
CATTALEYA FOOD & BEVERAGE,Restoran Indonesia,Kota Serang,4.6,635.0
Kiara Coffee,Kafe,Kota Serang,4.6,653.0
Pokel Garden Resto,Restoran,Kota Serang,4.5,1410.0
Kopijalu,Kafe,Kota Serang,4.4,651.0
Ramen Naruto,Restoran Ramen,Kota Serang,4.3,4471.0
Cafe Kebon Cau,Kedai Kopi,Kota Serang,4.5,1991.0
RM Indra Seafood Nancang,Restoran Seafood,Kota Serang,4.2,988.0
Saung Ririungan Serang,Restoran Sunda,Kota Serang,4.4,1641.0
Satu Tempat Cafe & Resto,Restoran,Kota Serang,4.6,946.0
Burger King Serang,Restoran,Kota Serang,4.4,1626.0
Kiri Coffee and Eatery,Kafe,Kota Serang,4.7,695.0
Kampung Kecil Serang,Restoran Sunda,Kota Serang,4.9,17476.0
Rempah Bakar Serang,Restoran Indonesia,Kota Serang,4.8,2152.0
Kopi Jelita Cafe,Kedai Kopi,Kota Serang,4.5,517.0
Kopi Calf To Go Serang,Kedai Kopi,Kota Serang,4.9,1128.0
RM Taktakan (Sop Ikan),Restoran Sup,Kota Serang,4.4,2390.0
Sari Kuring Indah Ciracas,Restoran Sunda,Kota Serang,4.4,1657.0
Duren Story Unyur,Restoran,Kota Serang,4.9,3074.0
Bebek Boedjang - Serang,Rumah Makan,Kota Serang,4.8,3925.0
Labbaik Chicken Ciracas,Restoran Masakan Ayam,Kota Serang,4.6,1315.0
Joffi Ramen Bintaro,Restoran Jepang,Kota Tangerang Selatan,4.8,1964.0
Saung Liwet Bancakan Serang,Restoran Sunda,Kota Serang,4.4,1969.0
My Kopi-O!,Kafe,Kota Serang,4.6,2458.0
Kayu Menjangan,Restoran,Kota Tangerang Selatan,4.3,3881.0
Richeese Factory Aria Putra,Restoran cepat saji,Kota Tangerang Selatan,4.3,3670.0
Saung Edi Serang,Restoran Sunda,Kota Serang,4.3,1720.0
Pondok makan Sate dan Sop Putri Asmawi,Restoran Sate,Kota Serang,4.3,619.0
McDonald's Menjangan,Restoran cepat saji,Kota Tangerang Selatan,4.4,6550.0
THE W BINTARO,Restoran,Kota Tangerang Selatan,4.7,539.0
Popeyes U-TOWN UPJ,Restoran Masakan Ayam,Kota Tangerang Selatan,4.8,1490.0
Dadar Beredar - Ciputat,Rumah Makan,Kota Tangerang Selatan,4.6,1071.0
Bakso Titoti,Restoran Bakso,Kota Tangerang Selatan,4.5,2560.0
Pool Rosalia Indah Transport Ciputat,Agen Tiket Bus,Kota Tangerang Selatan,4.5,3047.0
Bintaro Hill,Komplek perumahan,Kota Tangerang Selatan,4.4,739.0
Benteng Surosowan,Bangunan Bersejarah,Kota Serang,4.5,1916.0
WuffySpace Raya Bintaro - Playground Cafe,Arena Bermain Anak-Anak,Kota Tangerang Selatan,4.7,1609.0
Rumah Apung Pulau Burung,Restoran Indonesia,Kota Serang,4.5,717.0
Ramayana Ciputat,Toserba,Kota Tangerang Selatan,4.2,9482.0
Keraton Kaibon,Bangunan Bersejarah,Kota Serang,4.5,2367.0
Bebek Carok - Serang,Restoran,Kota Serang,4.9,3753.0
Warung Kondre,Kedai Kopi,Kota Tangerang Selatan,4.0,1585.0
RM Pecak Bandeng Sawah Luhur,Restoran Seafood,Kota Serang,4.3,1107.0
Buni Manten,Gedung Pernikahan,Kota Tangerang Selatan,4.5,896.0
Rumah Makan Bu Entin,Restoran Seafood,Kota Serang,4.3,7071.0
BFC Mini Farm (Bintaro Farm Center),Taman Hiburan,Kota Tangerang Selatan,4.4,528.0
Smiljan Coffee,Kedai Kopi,Kota Tangerang Selatan,4.8,621.0
Warung Nini - Serang,Restoran,Kota Serang,4.8,3990.0
Starbucks Coffee Rest Area Km 7,Kedai Kopi,Kota Tangerang Selatan,4.6,1772.0
WINGLOK Hongkong Dimsum Bintaro,Restoran Dim Sum,Kota Tangerang Selatan,4.8,2784.0
Wheels Coffee Roasters - Heritage Bintaro,Kedai Kopi,Kota Tangerang Selatan,4.9,3315.0
Benteng Speelwijk,Bangunan Bersejarah,Kota Serang,4.6,2181.0
Kandank Jurank Creative Park,Taman,Kota Tangerang Selatan,4.5,1691.0
Pemancingan Serang Hijau,Restoran Ikan Bakar,Kota Serang,4.2,1083.0
Bakoel Koffie Bintaro,Kedai Kopi,Kota Tangerang Selatan,4.4,1354.0
Starbucks Coffee - Mall Bintaro Jaya Xchange,Kedai Kopi,Kota Tangerang Selatan,4.6,559.0
Bagi Kopi Ciputat - Jombang,Kedai Kopi,Kota Tangerang Selatan,4.9,1254.0
Rummah Go'A,Kafe seni,Kota Tangerang Selatan,4.4,2137.0
Bi Coffee,Restoran,Kota Tangerang Selatan,4.5,3173.0
Kopi Kebun,Kedai Kopi,Tangerang,4.6,1209.0
BXSea Oceanarium,Akuarium,Kota Tangerang Selatan,4.9,15663.0
Starbucks Coffee Bintaro Jaya Sektor 9,Kedai Kopi,Kota Tangerang Selatan,4.6,2199.0
Heritage Lifestyle Hub Bintaro,Mal outlet,Kota Tangerang Selatan,4.6,1068.0
Talaga Sampireun - Bintaro,Restoran Sunda,Kota Tangerang Selatan,4.7,19833.0
SEDJUK BAKMI & KOPI BINTARO,Restoran,Kota Tangerang Selatan,4.7,2836.0
7 Dials Coffee,Kafe,Kota Tangerang Selatan,4.6,607.0
Lot 9 Cafe & Restaurant,Restoran,Kota Tangerang Selatan,4.5,7280.0
Dapoer Kebun,Restoran,Kota Tangerang Selatan,4.6,1639.0
Alun Alun Malingping,Taman,Kabupaten Lebak,4.3,4429.0
Teras Oceanarium by Plataran,Restoran,Kota Tangerang,4.8,981.0
Kedai Kita Bintaro,Restoran Keluarga,Kota Tangerang Selatan,4.9,4414.0
Bebek Kaleyo Bintaro,Restoran Jawa,Kota Tangerang Selatan,4.6,5252.0
Kampung kecil ciputat,Restoran,Kota Tangerang Selatan,5.0,22700.0
Bebek Carok - Bintaro,Restoran,Kota Tangerang Selatan,4.7,2985.0
Kebun Teh Organik Harendong,Taman,Kabupaten Lebak,4.4,608.0
SAI RAMEN 再ラーメン SYNERGY,Restoran Ramen,Kota Tangerang,4.5,1556.0
Toko Kopi TUKU - Ciledug Karang Tengah,Kedai Kopi,Kota Tangerang,4.8,808.0
Baia Nonna Jakarta Premium Outlet,Restoran Asia Tenggara,Kota Tangerang,4.8,983.0
Saung mang pendi,Restoran,Kota Serang,4.5,1630.0
Coffee Rider Campus,Kedai Kopi,Kota Tangerang,4.7,732.0
Kulumanu Kopi,Kedai Kopi,Kota Tangerang,4.8,1346.0
Alun-Alun Kota Serang,Taman Kota,Kota Serang,4.3,9039.0
Negeri Di Atas Awan Citorek,Tujuan Wisata,Kabupaten Lebak,4.7,4467.0
Kuliner Nasi Jagal Ibu Zahra Tangerang,Restoran Indonesia,Kota Tangerang,4.5,2018.0
Myeong Ga Myeon Ok Korean Restaurant,Restoran Korea,Kota Tangerang,4.3,1111.0
Kopi Kenangan - Graha Raya Pinang Tangerang (FCK),Kedai Kopi,Kota Tangerang,4.0,519.0
Rumah Sambal Seruit- Kebon Nanas,Restoran Indonesia,Kota Tangerang,4.1,1090.0
Burger King Jatiuwung,Restoran Hamburger,Kota Tangerang,4.6,1290.0
Rumah Makan Dapur Kawalli,Rumah Makan,Kota Tangerang,4.4,1435.0
Formaggio Coffee and Resto,Restoran,Kota Tangerang,4.5,3095.0
Pempek Warung Pojok,Restoran Pempek,Kota Tangerang,4.5,1006.0
Starbucks Jatiuwung,Kedai Kopi,Kota Tangerang,4.6,801.0
"Kopi Janji Jiwa & Jiwa Toast, Pasar Lama Tangerang",Kedai Kopi,Kota Tangerang,4.5,646.0
Jinman BBQ & SHABU KISAMAUN,Restoran Barbeque,Kota Tangerang,4.9,10468.0
DOM Social Hub,Kafe,Kota Tangerang,4.9,2551.0
Kedai Seruput,Kedai Kopi,Kota Tangerang,4.7,555.0
Sambara Alam Sutera,Restoran,Kota Tangerang,4.8,2313.0
Bebek Boedjang - Tangerang,Restoran,Kota Tangerang,4.8,4453.0
Sandwich Attack,Kedai Kopi,Kota Tangerang,4.6,585.0
Nasi Jagal Kali Bayur,Restoran Sajian Khusus Daging,Kota Tangerang,4.5,2016.0
Lieben Cafe Cimone,Kedai Kopi,Kota Tangerang,4.3,920.0
Hotel Novotel Tangerang,Hotel,Kota Tangerang,4.6,12166.0
Saung Engkong,Restoran,Kota Tangerang,4.7,523.0
Ichiraku Ramen,Restoran Jepang,Kota Tangerang,4.7,1289.0
Math Coffee and Resto,Kafe,Kota Tangerang,4.6,700.0
Starbucks Tangcity,Kedai Kopi,Kota Tangerang,4.6,841.0
Nasi Timbel Khas Cianjur,Restoran Sunda,Kota Tangerang,4.6,727.0
KAWASAN KULINER LAKSA KHAS TANGERANG,Restoran Indonesia,Kota Tangerang,4.4,6529.0
"Gereja Katolik Paroki Hati Santa Perawan Maria Tak Bernoda, Tangerang",Gereja Katolik,Kota Tangerang,4.8,1573.0
Mixmi Tangerang,Restoran Indonesia,Kota Tangerang,4.6,1805.0
Eastern Kopi TM,Restoran China,Kota Tangerang,4.4,1264.0
Pondok Sate Tegal Ibu Rita,Restoran Sate,Kota Tangerang,4.5,737.0
Pasar Induk Tangerang,Pasar,Kota Tangerang,4.3,3912.0
WARUNG SATE BAROKAH BANG H. WAHAB,Restoran Sate,Kota Tangerang,4.6,1208.0
Sup Durian DOR!,Restoran Sup,Kota Tangerang,4.4,1222.0
Roti Bakar 88 Pasar Lama,Kafe,Kota Tangerang,4.4,2713.0
TELAGA SEAFOOD MODERNLAND,Restoran Seafood,Kota Tangerang,4.4,2730.0
Bambu Oju Seafood and Resto,Restoran,Kota Tangerang,4.2,3667.0
Taman Bambu (Bamboo Park),Taman,Kota Tangerang,4.5,1284.0
Waroeng Steak & Shake Kisamaun,Restoran Steak,Kota Tangerang,4.3,3572.0
Cafe 21 Tangerang,Restoran Seafood,Kota Tangerang,4.5,541.0
D'jajan Seafood Kisamaun Selatan,Restoran Seafood,Kota Tangerang,4.7,1817.0
Es Oyen Macan - Pasar Lama,Restoran Hidangan Penutup,Kota Tangerang,4.5,772.0
Pasar Anyar Tangerang,Pasar,Kota Tangerang,4.3,11930.0
Toko Kopi TUKU - Pasar Lama,Kedai Kopi,Kota Tangerang,4.5,639.0
Restoran Sederhana M Thoha,Restoran Padang,Kota Tangerang,4.5,1248.0
Sambel Gledeg Galeong Ibu Siti Nurkhotimah,Rumah Makan,Kota Tangerang,4.3,1176.0
Rumah Makan Pondok Lauk,Restoran Seafood,Kota Tangerang,4.5,4281.0
Soto Betawi H. Mamat Gading Serpong,Restoran soto,Kabupaten Tangerang,4.6,888.0
Sop Mak Garang - Tangerang,Restoran Indonesia,Kota Tangerang,4.9,4187.0
Amsterdam Waterpark,Taman Rekreasi Air,Kabupaten Tangerang,4.3,5415.0
Seafood Kepiting Montok New & Gubuk Sunda,Rumah Makan,Kota Tangerang,4.5,887.0
Restoran Simpang Raya - Km 13,Restoran Padang,Kota Tangerang,4.4,1075.0
"Spesial Soto Boyolali (SSB) Hj. Hesti, Cabang Tangerang Kota",Restoran soto,Kota Tangerang,4.6,1367.0
SOP djanda Cimone,Rumah Makan,Kota Tangerang,4.6,856.0
Steak 21 Tangerang City Mall,Restoran Steak,Kota Tangerang,4.5,1304.0
Pizza Hut Restoran - Daan Mogot Tangerang,Restoran Pizza,Kota Tangerang,4.6,4446.0
Seafood Serasa di Bali,Restoran Seafood,Tangerang kota,4.8,516.0
Warung Surabaya Cak Hazy,Restoran Jawa Timur,Kota Tangerang,4.7,1123.0
WAROENG SAMBAL BAKAR BABAKAN,Restoran,Kota Tangerang,4.4,1090.0
"Depot ""Sami Asih 1"" Surabaya",Restoran Jawa,Kota Tangerang,4.4,2114.0
PONDOK SATE JOGJA H OEMAR HANA,Restoran Sate,Kota Tangerang,4.5,628.0
Sop Durian Teh Mela,Restoran,Kota Tangerang,4.7,2429.0
NEWTOWN WATERPARK,Taman Rekreasi Air,Kota Tangerang,4.6,3241.0
Loteng Cafe Modernland,Kedai Kopi,Kota Tangerang,4.9,1426.0
I Am Geprek Bensu Sangiang jaya,Restoran Masakan Ayam,Kota Tangerang,4.3,919.0
HokBen Tangerang Kota,Restoran Jepang,Kota Tangerang,4.3,2837.0
Es'eS Cendol Duren & Seafood Laut Nusantara,Restoran,Kota Tangerang,4.3,691.0
Bubur Ayam Special ”Keluarga” Alex,Restoran Bubur,Kota Tangerang,4.7,578.0
Masjid Agung Nurul Yaqin (Masjid Pintu Seribu) Tangerang,Masjid,Kota Tangerang,4.4,1028.0
Ayam Penyet Surabaya marsekal,Restoran ayam penyet,Kota Tangerang,4.3,940.0
Sogogi Shabu & Grill Pasar Lama,Restoran Korea,Kota Tangerang,4.8,1900.0
Tropikana Waterpark Cimone,Taman Rekreasi Air,Kota Tangerang,4.1,1597.0
Funpark permata waterboom,Kolam Renang Umum,Kabupaten Tangerang,4.4,4847.0
Pondok Bakso Mas Boy Solo,Restoran Bakso,Kota Tangerang,4.6,762.0
Almaz Fried Chicken - Karawaci,Restoran,Jakarta,4.8,730.0
Kolam Renang Puri Beta 1,Kolam Renang Umum,Kota Tangerang,4.2,4838.0
"Sambal Bakar Indonesia, Pasar Lama",Restoran,Kota Tangerang,4.8,13041.0
Taman Eco Park,Taman,Kota Tangerang,4.5,787.0
Marcopolo Waterpark,Taman Rekreasi Air,Kota Tangerang,3.9,793.0
Tandon Ciater - Kota Tangerang Selatan,Tujuan Wisata,Tangerang,4.3,7374.0
Bakso Jono Mukti,Restoran Bakso,Kota Tangerang,4.5,2310.0
Rumah Makan Nyi Bara,Rumah Makan,Kota Tangerang,4.7,867.0
Warung Makan Echo Ayam Bakar,Restoran Masakan Ayam,Kota Tangerang,4.5,636.0
Bopet Bagindo Tangerang,Restoran Padang,Kota Tangerang,4.0,547.0
Pantai Pasir Putih PIK2,Tujuan Wisata,Kota Tangerang,4.3,3274.0
Bubur Ayam Kang Nana - Wong Cirebon,Restoran Bubur,Kota Tangerang,4.7,667.0
Funpark Rajeg waterpark,Taman Rekreasi Air,Kabupaten Tangerang,4.3,2111.0
Pantai Mabak Cilegon,Pantai Umum,Kota Cilegon,4.2,856.0
Museum Multatuli,Museum,Kabupaten Lebak,4.6,1117.0
Ocean Park BSD City Serpong,Taman Rekreasi Air,Kota Tangerang Selatan,4.5,20091.0
PANTAI ANYER TITIK NOL,Tujuan Wisata,Kabupaten Serang,4.5,846.0
Laksa Bihun Cie Ikim,Restoran Mie,Kota Tangerang,4.7,606.0
Taman Pintu Air,Taman,Kota Tangerang,4.4,573.0
Pantai Muara Kecil,Tujuan Wisata,Kabupaten Tangerang,4.4,522.0
Indonesia Convention Exhibition (ICE),Gedung Pertemuan,Kabupaten Tangerang,4.7,51056.0
Pantai Gopek Karangantu,Tujuan Wisata,Kota Serang,4.4,4090.0
Bakso Bandi,Restoran Bakso,Kota Tangerang,4.5,1573.0
Taman Mangrove Ketapang,Taman,Kabupaten Tangerang,4.4,1265.0
Tebing Koja,Tujuan Wisata,Kabupaten Tangerang,4.1,2707.0
Saiji Waterboom,Taman Hiburan,Kabupaten Tangerang,4.1,2086.0
Wisata Air Tirta Persada DM,Tujuan Wisata,Kabupaten Pandeglang,4.4,2978.0
Dapoer Iboe Resto,Restoran Sunda,Kabupaten Pandeglang,4.1,829.0
Pantai Sambolo 1 Anyer Serang Banten,Tujuan Wisata,Kabupaten Serang,4.3,2421.0
Aryana Aquaplay Kolam Renang Waterpark,Kolam Renang Umum,Kabupaten Tangerang,4.2,652.0
Bukit Teletubbies,Tujuan Wisata,Kota Cilegon,4.4,532.0
Kolam Renang Tembong,Kolam Renang,Kota Serang,3.9,782.0
Wisata Kampung Marengo Baduy Luar,Tujuan Wisata,Kabupaten Lebak,4.7,986.0
Pantai Tanjung Kait,Tujuan Wisata,Kabupaten Tangerang,4.0,2519.0
Pantai Batu Saung,Klub pantai,Kabupaten Serang,4.4,3660.0
Saung Dolet,Restoran Sunda,Kabupaten Serang,4.2,1823.0
Pecak Bandeng Tanpa Duri Luy Resto - Cabang Sawahluhur,Restoran Seafood,Kota Serang,4.2,1289.0
Danau Tasikardi,Tujuan Wisata,Kabupaten Serang,4.0,1041.0
Saung Ende,Restoran,Kabupaten Serang,4.2,1234.0
Hesa Fishing (Pemancingan Hesa),Kolam Memancing,Kabupaten Tangerang,4.2,1062.0
Sports Club Talaga Bestari,Klub Olahraga,Kabupaten Tangerang,4.3,793.0
Air Alam Cipanas Tirta Lebak Buana,Tujuan Wisata,Kabupaten Lebak,4.3,5784.0
Kolam Renang Tirta Wiguna,Kolam Renang,Kota Serang,4.4,590.0
Aqualand Serang,Kolam Renang Umum,Kota Serang,4.2,2627.0
DX WATER PARK,Kolam Renang Umum,Kabupaten Tangerang,4.1,1197.0
Pantai pasir putih Florida Indah Anyer,Tujuan Wisata,Kabupaten Serang,4.3,5147.0
Pemandian Air Panas Gunung Torong,Tujuan Wisata,Kabupaten Pandeglang,4.3,4054.0
Lereng Cibolang Lebak Banten,Tujuan Wisata,Kabupaten Lebak,4.4,1345.0
Pulau Cangkir,Tujuan Wisata,Kabupaten Tangerang,4.2,1223.0
Mall Of Serang,Pusat Perbelanjaan,Kota Serang,4.3,16197.0
Kolam Renang CitraRaya,Kolam Renang Umum,Kabupaten Tangerang,4.2,1233.0
Curug Cipanas,Tujuan Wisata,Kabupaten Bandung Barat,4.1,6618.0
Gedung Sate,Bangunan Bersejarah,Kota Bandung,4.7,8532.0
Braga CityWalk,Pusat Perbelanjaan,Kota Bandung,4.5,25349.0
Saung Angklung Udjo,Pusat Kesenian,Kota Bandung,4.7,17163.0
Orchid Forest Cikole,Tujuan Wisata,Kabupaten Bandung Barat,4.6,34008.0
Farm House Susu Lembang,Tujuan Wisata,Kabupaten Bandung Barat,4.4,67612.0
Sunrise Point Cukul,Titik Pemandangan,Kabupaten Bandung,4.7,5066.0
Trans Studio Bandung,Taman Hiburan,Kota Bandung,4.6,82891.0
Museum Pendidikan Nasional Universitas Pendidikan Indonesia,Museum Sejarah,Kota Bandung,4.7,1208.0
Museum Sri Baduga,Museum,Kota Bandung,4.5,4684.0
Floating Market Lembang,Pasar Apung,Kabupaten Bandung Barat,4.5,55872.0
Mountain View Golf Club,Lapangan Golf,Kabupaten Bandung,4.5,1695.0
Masjid PUSDAI Jawa Barat,Masjid,Kota Bandung,4.7,14592.0
Nu Art Studio,Museum,Bandung,4.9,1544.0
Masjid Raya Al-Jabbar,Masjid,Kota Bandung,4.7,17192.0
Kiara Artha Park,Taman Kota,Kota Bandung,4.6,16225.0
Museum Pos Indonesia,Museum,Kota Bandung,4.6,1358.0
Lembang Park & Zoo,Kebun Binatang,Kabupaten Bandung Barat,4.7,26107.0
Panama Park 825,Taman Bermain Dalam Ruangan,Kota Bandung,4.6,3321.0
Taman Hutan Raya Ir. H. Djuanda,Tujuan Wisata,Kabupaten Bandung,4.6,21900.0
Water Park Bandung Indah,Taman Rekreasi Air,Kabupaten Bandung,4.0,2045.0
Dago Dreampark,Tujuan Wisata,Kabupaten Bandung Barat,4.2,19831.0
Glamping Lakeside Rancabali,Hotel Resor,Kabupaten Bandung,4.5,18624.0
Teras Cikapundung BBWS,Taman Kota,Kota Bandung,4.3,8854.0
Taman Lalu Lintas Ade Irma Suryani Nasution,Taman Hiburan,Kota Bandung,4.4,13254.0
Kota Mini Lembang,Pusat Rekreasi,Kabupaten Bandung Barat,4.4,3751.0
Panghegar Waterboom Bandung,Taman Rekreasi Air,Kota Bandung,4.4,5756.0
Taman Film,Taman Kota,Kota Bandung,4.4,4500.0
Masjid Raya Bandung,Masjid,Kota Bandung,4.6,9258.0
Alun-alun Kota Bandung,Taman Kota,Kota Bandung,4.6,118786.0
Kebun Binatang Bandung,Kebun Binatang,Kota Bandung,4.2,22773.0
Curug Tilu Leuwi Opat,Tujuan Wisata,Kabupaten Bandung Barat,4.5,1992.0
Lawangwangi Creative Space,Galeri Seni,Kabupaten Bandung Barat,4.5,4493.0
Taman Budaya Jawa Barat,Teater Seni Pertunjukan,Kota Bandung,4.4,759.0
Curug Aseupan,Tujuan Wisata,Kabupaten Bandung Barat,4.7,363.0
CURUG BATU TEMPLEK CISANGGARUNG,Tujuan Wisata,Kabupaten Bandung,4.5,627.0
Air Terjun Anom,Tujuan Wisata,Kabupaten Bandung Barat,4.6,325.0
Jendela Alam,Tujuan Wisata,Kabupaten Bandung Barat,4.5,2862.0
"Gereja Katedral Bandung, Santo Petrus",Katedral Katolik,Kota Bandung,4.8,5284.0
Museum Mandala Wangsit Siliwangi,Museum Angkatan Bersenjata,Kota Bandung,4.5,1154.0
Pesona Nirwana Waterpark & Cottages / Resort,Taman Rekreasi Air,Kabupaten Bandung,4.3,2493.0
Kawasan Punclut,Tujuan Wisata,Kabupaten Bandung Barat,4.6,5370.0
Rainbow Garden Lembang,Taman,Kabupaten Bandung Barat,4.6,5242.0
Taman Kupu-Kupu Cihanjuang,Gedung Pernikahan,Kabupaten Bandung Barat,4.2,1751.0
Taman Balai Kota Bandung,Taman Kota,Kota Bandung,4.6,11840.0
Sudut Pandang Bandung,Tujuan Wisata,Kabupaten Bandung Barat,4.6,3281.0
Grand Maerakaca,Tourist attraction,Kota Semarang,4.4,5527.0
Semarang Contemporary Art Gallery,Art gallery,Kota Semarang,4.6,1856.0
Waroeng Semawis,Night market,Kota Semarang,4.5,9662.0
Obyek Wisata Goa Kreo,Tourist attraction,Kota Semarang,4.3,8084.0
"Kasunanan Palace, Surakarta Hadiningrat",Historical place museum,Kota Surakarta,4.6,16760.0
"Pasar Klewer, Solo",Traditional market,Kota Surakarta,4.5,10642.0
Pura Mangkunagaran,Historical landmark,Kota Surakarta,4.7,10323.0
Gede Hardjonagoro Market,Traditional market,Kota Surakarta,4.6,24569.0
House of Danar Hadi,Museum,Kota Surakarta,4.7,2592.0
Batik Shop Danar Hadi Slamet Riyadi,Boutique,Kota Surakarta,4.4,154.0
Pusat Batik Danar Hadi Solo,Clothing store,Kota Surakarta,4.5,114.0
Balekambang Park,City park,Kota Surakarta,4.5,3980.0
Forum Kampoeng Batik Laweyan,Association / Organization,Kota Surakarta,4.4,327.0
Pantai Nampu,Tourist attraction,Kabupaten Wonogiri,4.5,4308.0
Kampung Batik Kauman,Tourist attraction,Kota Surakarta,4.7,2876.0
Waduk Gadjah Mungkur,Reservoir,Kabupaten Wonogiri,4.4,888.0
"Sangiran Museum of Early Man, Ngebung Cluster",Museum,Kabupaten Sragen,4.5,6712.0
Museum Manusia Purba Sangiran Klaster Krikilan,Archaeological site,Kabupaten Sragen,4.6,2073.0
Museum Manusia Purba Klaster Bukuran,Museum,Kabupaten Sragen,4.5,436.0
Museum Manusia Purba Klaster Dayu,Museum,Kabupaten Karanganyar,4.5,927.0
Alun-Alun Kidul Surakarta,Park,Kota Surakarta,4.5,27648.0
Solo Safari,Zoo,Kota Surakarta,4.1,20597.0
Tumurun Museum,Art museum,Kota Surakarta,4.8,3304.0
Fort Vastenburg,Historical landmark,Kota Surakarta,4.5,16130.0
De Tjolomadoe,Museum,Kabupaten Karanganyar,4.6,22252.0
Pemandian Air Panas Bayanan,Thermal baths,Kabupaten Sragen,4.1,1242.0
Sriwedari Park,Park,Kota Surakarta,4.4,7401.0
Cengklik Reservoir,Reservoir,Kabupaten Boyolali,4.4,1202.0
Telaga Claket,Tourist attraction,Kabupaten Wonogiri,4.1,1679.0
NDayu Park,Amusement park,Kabupaten Sragen,4.1,2834.0
Girimanik Waterfall,Tourist attraction,Kabupaten Wonogiri,4.5,415.0
Ganthole Bawah (Menara Filter),Park,Kabupaten Wonogiri,4.4,304.0
Soko Langit,Tourist attraction,Kabupaten Wonogiri,4.2,2004.0
Air Terjun Jumog Pintu Masuk Utama,Tourist attraction,Kabupaten Karanganyar,4.6,1565.0
Kebun Teh Kemuning,Tree farm,Kabupaten Karanganyar,4.5,1638.0
Wisata Bukit Sekipan Tawangmangu,Tourist attraction,Kabupaten Karanganyar,4.4,13254.0
Telaga Madirda,Tourist attraction,Kabupaten Karanganyar,4.5,5672.0
Tenggir Park,Tourist attraction,Kabupaten Karanganyar,4.5,1441.0
Rumah Atsiri Indonesia,Tourist attraction,Kabupaten Karanganyar,4.7,7922.0
Bukit mongkrang,Hiking area,Kabupaten Karanganyar,4.8,351.0
Wisata Bukit Mongkrang,Hiking area,Kabupaten Karanganyar,4.8,975.0
Gunung Mongkrang,Mountain peak,Kabupaten Karanganyar,4.7,783.0
Air Terjun Parang Ijo,Tourist attraction,Kabupaten Karanganyar,4.3,1300.0
Paralayang Kemuning,Tourist attraction,Kabupaten Karanganyar,4.6,4925.0
Sapta Tirta,Tourist attraction,Kabupaten Karanganyar,4.3,762.0
Campground Sekipan,Campground,Kabupaten Karanganyar,4.5,1816.0
Sakura Hills,Park,Kabupaten Karanganyar,4.5,2809.0
Alun Alun Karanganyar,City park,Kabupaten Karanganyar,4.6,27429.0
Candi Kethek,Hindu temple,Kabupaten Karanganyar,4.7,226.0
Umbul Ponggok,Water park,Kabupaten Klaten,4.5,23024.0
Umbul Besuki,Water park,Kabupaten Klaten,4.5,2873.0
Bukit Cinta Watu Prahu Bayat,Tourist attraction,Kabupaten Klaten,4.1,2350.0
Umbul Sigedang-Kapilaler,Water park,Kabupaten Klaten,4.6,5293.0
Gondang Winangoen,Museum,Kabupaten Klaten,4.3,1429.0
Gondang Winangoen/Baru Sugar Mill,Historical landmark,Kabupaten Klaten,4.4,910.0
Umbul Kemanten,Water park,Kabupaten Klaten,4.5,12856.0
Tlatar Water Park,Tourist attraction,Kabupaten Boyolali,4.2,2972.0
Indrokilo Botanical Garden,Botanical garden,Kabupaten Boyolali,4.4,1838.0
Rowo Jombor Klaten,Tourist attraction,Kabupaten Klaten,4.4,7081.0
Mount Merbabu,Volcano,Kabupaten Boyolali,4.6,3071.0
Umbul Pengging,Water park,Kabupaten Boyolali,4.5,5306.0
Simpang Siaga Boyolali,City park,Kabupaten Boyolali,4.7,7094.0
Gedung Lembu Sora,Tourist attraction,Kabupaten Boyolali,4.5,1656.0
Arjuna Temple,Historical landmark,Banjarnegara,4.6,16169.0
New Selo,Hiking area,Kabupaten Boyolali,4.5,4212.0
Telaga Warna,Lake,Kabupaten Wonosobo,4.5,1346.0
Telaga Warna Dieng,Tourist attraction,Kabupaten Wonosobo,4.5,13314.0
Kawah Sikidang,Tourist attraction,Banjarnegara,4.4,31151.0
Sikunir Hill Dieng,Tourist attraction,Kabupaten Wonosobo,4.7,19012.0
Borobudur Temple,Buddhist temple,Kabupaten Magelang,4.7,104066.0
Telaga Menjer,Lake,Kabupaten Wonosobo,4.7,2535.0
Bukit Rhema Gereja Ayam,Church,Kabupaten Magelang,4.8,24348.0
Batu Pandang Ratapan Angin,Tourist attraction,Kabupaten Wonosobo,4.7,9724.0
Mendut Buddhist Monastery,Buddhist temple,Kabupaten Magelang,4.6,6262.0
Kedung Ombo Dam,Weir,Kabupaten Grobogan,4.1,1422.0
Nepal Van Java,Tourist attraction,Kabupaten Magelang,4.6,10127.0
Air Terjun Kedung Kayang,Tourist attraction,Kabupaten Magelang,4.6,2161.0
Ketep Pass Magelang,Tourist attraction,Kabupaten Magelang,4.5,20814.0
Taman Kyai Langgeng - Tempat Wisata Magelang,Tourist attraction,Kota Magelang,4.3,14035.0
Wisata Magelang,Travel agency,Kabupaten Magelang,4.6,323.0
Selogriyo Temple (740 MASL),Hindu temple,Kabupaten Magelang,4.5,587.0
"Candi Selogriyo, Entrance Gate and Ticket Office",Historical landmark,Kabupaten Magelang,4.5,174.0
Punthuk Setumbu,Scenic spot,Kabupaten Magelang,4.6,9236.0
Alun-Alun Kota Magelang,City park,Kota Magelang,4.6,22016.0
Mount Andong,Mountain peak,Kabupaten Magelang,4.7,2103.0
OHD Museum,Art museum,Kota Magelang,4.6,742.0
Top Selfie Pinusan Kragilan,Park,Kabupaten Magelang,4.3,7945.0
Curug Silawe,Tourist attraction,Kabupaten Magelang,4.2,604.0
Svargabumi Borobudur,Recreation center,Kabupaten Magelang,4.8,10059.0
Silancur Highland,Tourist attraction,Kabupaten Magelang,4.6,9501.0
ELO RIVER Magelang Central of Java Indonesia,Raft trip outfitter,Kabupaten Magelang,4.8,976.0
Mangli Skyview,Tourist attraction,Kabupaten Magelang,4.6,1926.0
Eloprogo Art House,Art gallery,Kabupaten Magelang,4.5,640.0
Saloka Theme Park,Theme park,Kabupaten Semarang,4.5,21481.0
Junkyard Autopark & Cafe,Tourist attraction,Kabupaten Magelang,4.3,1686.0
Desa Wisata Candirejo,Tourist attraction,Kabupaten Magelang,4.7,447.0
Dairyland On The Valley,Amusement park,Kabupaten Semarang,4.5,33665.0
Celosia Flower Garden,Amusement park,Kabupaten Semarang,4.4,28720.0
Kota Lama Semarang,Tourist attraction,Kota Semarang,4.8,14967.0
Pagoda Watugong,Pagoda,Kota Semarang,4.6,248.0
Ambarawa Railway Museum,Rail museum,Kabupaten Semarang,4.6,16000.0
Museum Kereta Api Ambarawa,Rail museum,Kabupaten Semarang,4.7,285.0
Stasiun Ambarawa,Museum,Kabupaten Semarang,4.7,1645.0
Umbul Sidomukti,Tourist attraction,Kabupaten Semarang,4.6,8830.0
Marina Beach,Tourist attraction,Kota Semarang,4.2,16386.0
Curug Benowo & Lawe,Tourist attraction,Kabupaten Semarang,4.6,2697.0
Curug Lawe Secepit,Tourist attraction,Kabupaten Kendal,4.8,457.0
Sepakung Village Tourism,Tourist attraction,Kabupaten Semarang,4.5,419.0
Watu Gunung,Water park,Kabupaten Semarang,4.3,6355.0
Benteng Fort Willem I,Fortress,Kabupaten Semarang,4.5,4706.0
Eling Bening,Tourist attraction,Kabupaten Semarang,4.3,25312.0
"Taman Wilis, Semarang",City park,Kota Semarang,4.5,1019.0
Brown Canyon,Tourist attraction,Kota Semarang,4.2,3745.0
Hutan Pinus Kali Pasang,National forest,Kota Surabaya,4.4,619.0
Gunung Prau,Volcano,Kabupaten Batang,4.8,745.0
D'Qiano Waterpark,Water park,Banjarnegara,4.1,2383.0
Tambi Tea Gardens,Botanical garden,Kabupaten Wonosobo,4.7,2799.0
Jungle Toon Waterpark,Water park,Kota Semarang,4.2,1663.0
Kampung Pelangi,Tourist attraction,Kota Semarang,4.3,4430.0
Alun-Alun Wonosobo,Park,Kabupaten Wonosobo,4.6,27905.0
The Pikas Artventure (Wisata Arung Jeram Sungai Serayu),Tourist attraction,Banjarnegara,4.6,3166.0
TRMS Serulingmas Banjarnegara,Zoo,Banjarnegara,4.1,3988.0
Museum Kailasa,Museum,Banjarnegara,4.5,2075.0
Air Terjun Sikarim,Tourist attraction,Kabupaten Wonosobo,4.7,3296.0
Sikarim View Spot,Tourist attraction,Kabupaten Wonosobo,4.8,502.0
Jenggala Waterfall Kalipagu,Tourist attraction,Kabupaten Banyumas,4.7,1758.0
Telaga Sunyi Purwokerto,Tourist attraction,Kabupaten Banyumas,4.6,2466.0
Lobang Sewu,Tourist attraction,Kabupaten Wonosobo,4.3,1417.0
Surya Yudha Park,Tourist attraction,Banjarnegara,4.4,10071.0
Air Terjun Curug Pitu,Tourist attraction,Banjarnegara,4.4,443.0
New Small World (Taman Miniatur Dunia),Amusement park ride,Kabupaten Banyumas,4.2,8949.0
The Village Purwokerto,Tourist attraction,Kabupaten Banyumas,4.3,10354.0
General Sudirman Museum,History museum,Kabupaten Banyumas,4.5,691.0
Bukit Tranggulasih,Tourist attraction,Kabupaten Banyumas,4.3,1110.0
Obyek Wisata Alam Goa Lawa Purbalingga,Tourist attraction,Kabupaten Purbalingga,4.6,4878.0
Baturraden Adventure Forest,Tourist attraction,Kabupaten Banyumas,4.6,783.0
Sanggaluri Park Purbalingga,Tourist attraction,Kabupaten Purbalingga,4.3,3363.0
Alun Alun Kota Purwokerto,City park,Kabupaten Banyumas,4.6,34865.0
Taman Wisata Pendidikan Purbasari Pancuran Mas,Tourist attraction,Kabupaten Purbalingga,4.5,6535.0
Purbasari Pancuran Mas,Swimming pool,Kabupaten Purbalingga,4.6,667.0
Masjid Agung Demak,Mosque,Kabupaten Demak,4.7,22052.0
Pancuran 7 Hotspring,Tourist attraction,Kabupaten Banyumas,4.5,2590.0
Owabong Water Park Purbalingga,Water park,Kabupaten Purbalingga,4.5,17069.0
Kolam Waterboom Owabong,Tourist attraction,Kabupaten Purbalingga,4.6,826.0
Tomb of Sunan Kalijaga,Pilgrimage place,Kabupaten Demak,4.7,7277.0
Water Park Tirtamas Indah,Water park,Kabupaten Cilacap,4.3,1523.0
Alun-Alun Kota Cilacap,City park,Kabupaten Cilacap,4.7,5860.0
Taman Mangrove Morosari Demak,Park,Kabupaten Demak,4.3,656.0
Hutan Mangrove,Tourist attraction,Kabupaten Demak,4.2,140.0
Curug Sumba,Tourist attraction,Kabupaten Purbalingga,4.3,707.0
D'Las Lembah Asri Serang Purbalingga,National reserve,Kabupaten Purbalingga,4.5,8665.0
Posong Natural Park,Tourist attraction,Kabupaten Temanggung,4.6,5899.0
Embung Kledung,Tourist attraction,Kabupaten Temanggung,4.5,5772.0
Menggala Ranch,National reserve,Kabupaten Banyumas,4.5,1057.0
Marine Tourism Morosari,Tourist attraction,Kabupaten Demak,3.9,615.0
Telaga Kumpe,Tourist attraction,Kabupaten Banyumas,4.5,752.0
Pasar Papringan Ngadiprono,Tourist attraction,Kabupaten Temanggung,4.6,2372.0
Bendung Gerak Serayu,Weir,Kabupaten Banyumas,4.3,1732.0
Pikatan Water Park,Water park,Kabupaten Temanggung,4.3,3953.0
Hutan Pinus Limpakuwus,Tourist attraction,Kabupaten Banyumas,4.6,7371.0
Temple Joglo Purwodadi,Tourist attraction,Kabupaten Grobogan,4.3,1734.0
Bledug Kuwu,Tourist attraction,Kabupaten Grobogan,4.2,2712.0
Alun-Alun Purbalingga,City park,Kabupaten Purbalingga,4.4,17643.0
Kledung Pass,Tourist attraction,Kabupaten Temanggung,4.5,955.0
Alun-Alun Demak,City park,Kabupaten Demak,4.5,14317.0
CV. MURAJI,Historical landmark,Kabupaten Purbalingga,4.5,1334.0
Safari Beach Jateng,Zoo,Kabupaten Batang,4.4,5779.0
Mini Taman Safari Beach Batang,Zoo,Kabupaten Batang,4.2,270.0
Curug Bajing,Tourist attraction,Kabupaten Pekalongan,4.5,1639.0
Pantai Ujungnegoro,Tourist attraction,Kabupaten Batang,4.5,1876.0
Guci Pemandian Air Panas,Thermal baths,Kabupaten Tegal,4.5,11860.0
Wisata Bahari PPN Pekalongan,Tourist attraction,Kota Pekalongan,4.2,463.0
Blackcanyon Petungkriyono,Tourist attraction,Kabupaten Pekalongan,4.6,1270.0
Wisata Pagilaran,Tourist attraction,Kabupaten Batang,4.4,4540.0
Curug Putri Palutungan,Tourist attraction,Kabupaten Kuningan,4.6,990.0
Sigandu Beach,Beach,Kabupaten Batang,4.0,2216.0
Pantai Sunter Depok Indah,Beach,Kabupaten Pekalongan,4.1,904.0
Telaga Sigebyar Mangunan,Nature preserve,Kabupaten Pekalongan,4.5,415.0
Benteng Van Der Wijck,Fortress,Kabupaten Kebumen,4.3,1128.0
Waduk Cacaban,Reservoir,Kabupaten Tegal,4.4,659.0
Alam Indah Beach,Beach,Kota Tegal,4.1,5526.0
Goa Jatijajar,Tourist attraction,Kabupaten Kebumen,4.3,10126.0
Forest Kopi,Coffee shop,Kabupaten Batang,4.4,4747.0
Pantai Karang Bolong,Beach,Kabupaten Kebumen,4.2,1262.0
Wisata Mangrove Park Pekalongan,Tourist attraction,Kota Pekalongan,4.1,535.0
Kembanglangit Park,Tourist attraction,Kabupaten Batang,4.5,1085.0
Logending Beach,Beach,Kabupaten Kebumen,4.2,602.0
WATU IRENG,Store,Kabupaten Pekalongan,4.2,698.0
Jodo Beach,Beach,Kabupaten Batang,4.4,536.0
Kebun Teh Medini,Tourist attraction,Kabupaten Kendal,4.5,2331.0
Rita Park Tegal,Theme park,Kota Tegal,4.3,7803.0
Pantai Dewaruci Jatimalang,Tourist attraction,Kabupaten Purworejo,4.4,8845.0
Pitris Ocean View,Tourist attraction,Kabupaten Kebumen,4.5,1059.0
Portuguese Fortress,Fortress,Kabupaten Jepara,4.2,3413.0
Karimunjawa National Park,National park,Kabupaten Jepara,4.7,4463.0
"Bukit Bintang - Glamping, Camping Ground, Campervan Ground, Mountain View",Tourist attraction,Kabupaten Tegal,4.5,497.0
Niagara Beach Surumanis,Tourist attraction,Kabupaten Kebumen,4.4,137.0
Pantai Surumanis Kebumen,Tourist attraction,Kabupaten Kebumen,4.7,1495.0
"Hot Water Boom, GUCI-KU",Water park,Kabupaten Tegal,4.5,8811.0
Goa Seplawan,Tourist attraction,Kabupaten Purworejo,4.5,1321.0
Pantai Kartini,Tourist attraction,Kabupaten Jepara,4.2,15404.0
Penjalin Reservoir,Tourist attraction,Kabupaten Brebes,4.3,3662.0
Purworejo Central Park,City park,Kabupaten Purworejo,4.6,28821.0
Pantai Bopong,Beach,Kabupaten Kebumen,4.1,1219.0
Pulau Panjang,Island,Kabupaten Jepara,4.5,504.0
Kebun Teh Kaligua,Tourist attraction,Kabupaten Brebes,4.5,482.0
Pantai Teluk Awur Jepara,Beach,Kabupaten Jepara,4.1,6398.0
Teluk Awur Beach,Tourist attraction,Kabupaten Jepara,4.3,2954.0
Agrowisata Besaran Hijau Pabrik Gula Jatibarang - Brebes,Tourist attraction,Kabupaten Brebes,4.2,1275.0
Roemah Martha Tilaar,Museum,Kabupaten Kebumen,4.7,1001.0
Hutan Pinus Kalilo,National forest,Kabupaten Purworejo,4.4,1298.0
Pantai Bondo Bangsri,Beach,Kabupaten Jepara,4.3,3322.0
Karang Jahe Beach,Tourist attraction,Kabupaten Rembang,4.4,16288.0
Pantai Widuri Pemalang,Beach,Kabupaten Pemalang,4.1,3570.0
Museum RA Kartini,Museum,Kabupaten Jepara,4.5,1431.0
Alun-Alun Kota Rembang,City park,Kabupaten Rembang,4.5,11747.0
Ketawang Beach Purworejo,Tourist attraction,Kabupaten Purworejo,4.3,2452.0
Bukit Tangkeban,Tourist attraction,Kabupaten Pemalang,4.4,5027.0
Kretek Museum,Museum,Kabupaten Kudus,4.3,4143.0
Benteng Pendem Cilacap,Fortress,Kabupaten Cilacap,4.3,8390.0
Goa Terawang Eco Park,Tourist attraction,Kabupaten Blora,4.3,2460.0
Masjid Al-Aqsha Menara Kudus,Mosque,Kabupaten Kudus,4.8,21630.0
Pantai Widarapayung,Beach,Kabupaten Cilacap,4.4,909.0
Pantai Widarapayung,Beach,Kabupaten Cilacap,4.2,4097.0
Montel Waterfall,Tourist attraction,Kabupaten Kudus,4.2,483.0
Wisata Curug Sibedil Sima Moga Pemalang,Tourist attraction,Kabupaten Pemalang,4.3,1566.0
Kemit Forest Education,Tourist attraction,Kabupaten Cilacap,4.2,4446.0
Wisata Hutan Payau,Tourist attraction,Kabupaten Cilacap,4.2,841.0
Waduk Seloromo,Tourist attraction,Kabupaten Pati,4.5,793.0
Waduk Gembong,Scenic spot,Kabupaten Pati,4.5,112.0
Wisata Agro Puri Muria Colo,Tourist attraction,Kabupaten Kudus,4.5,502.0
Zatobay Waterboom,Water park,Kabupaten Pemalang,4.2,2096.0
Pantai Jetis,Beach,Kabupaten Cilacap,4.3,1379.0
Pantai Pasir Kencana,Beach,Kota Pekalongan,3.9,2443.0
The Hills Vaganza,Tourist attraction,Kabupaten Kudus,3.9,2561.0
Waduk Gunung Rowo,Tourist attraction,Kabupaten Pati,4.3,1084.0
Pantai Maron,Beach,Kota Semarang,3.6,242.0
Dusun Semilir,Theme park,Kabupaten Semarang,4.4,40877.0
Kampung semilir,Playground,Kabupaten Semarang,4.1,161.0
Wisata Semilir,Garden,Kabupaten Semarang,4.4,169.0
Lorotan Semar Waterfall,Tourist attraction,Kabupaten Pati,4.0,848.0
Goa Pancur Jimbaran,Tourist attraction,Kabupaten Pati,4.1,1679.0
Pantai Idola Banyutowo,Tourist attraction,Kabupaten Pati,3.7,701.0
Jembatan Kota Intan,Jembatan,Kota Jakarta Barat,4.4,1920.0
Galeri Indonesia Kaya,Teater Seni Pertunjukan,Kota Jakarta Pusat,4.8,2849.0
Taman Kota Cattleya,Taman Kota,Kota Jakarta Barat,4.5,6645.0
Pasar Seni,Pusat Kesenian,Jakarta Utara,4.4,5495.0
Plaza Indonesia,Pusat Perbelanjaan,Kota Jakarta Pusat,4.7,51697.0
Grand Indonesia,Pusat Perbelanjaan,Kota Jakarta Pusat,4.7,102931.0
Museum Prasasti Jakarta,Museum Sejarah,Kota Jakarta Pusat,4.6,1968.0
Museum Basoeki Abdullah,Museum Seni,Kota Jakarta Selatan,4.7,1313.0
Tugu Proklamasi,Museum,Karawang,4.5,1797.0
Museum Layang-layang Indonesia,Museum,Kota Jakarta Selatan,4.6,1950.0
Museum Perangko Indonesia,Museum,Kota Jakarta Timur,4.4,462.0
Taman Lapangan Banteng,Taman Kota,Kota Jakarta Pusat,4.7,29802.0
Taman Suropati,Taman Kota,Kota Jakarta Pusat,4.6,22270.0
Taman Spathodea,Taman Kota,Kota Jakarta Selatan,4.6,5744.0
Taman Situ Lembang,Taman Kota,Kota Jakarta Pusat,4.6,6849.0
Taman Agro Wisata Cilangkap Jakarta,Taman,Kota Jakarta Timur,4.3,1369.0
Perpustakaan Nasional Republik Indonesia,Perpustakaan Nasional,Kota Jakarta Pusat,4.7,9100.0
Pasar Tanah Abang Blok A,Pusat Perbelanjaan,Kota Jakarta Pusat,4.5,2589.0
Museum Satriamandala,Museum Angkatan Bersenjata,Kota Jakarta Selatan,4.6,8664.0
Kawasan Wisata Kota Tua Jakarta,Tujuan Wisata,Kota Jakarta Barat,4.6,26512.0
Galeri Nasional Indonesia,Museum Seni,Kota Jakarta Pusat,4.7,10772.0
Taman Impian Jaya Ancol,Pusat Rekreasi,Jakarta Utara,4.6,47857.0
Hutan Kota Srengseng,Taman Kota,Kota Jakarta Barat,4.4,10000.0
Gedung Joang '45 - Menteng,Museum Sejarah,Kota Jakarta Pusat,4.6,1877.0
Taman Mini Indonesia Indah,Tujuan Wisata,Kota Jakarta Timur,4.6,174256.0
Masjid Istiqlal,Masjid,Kota Jakarta Pusat,4.8,20046.0
Taman Menteng,Taman Kota,Kota Jakarta Pusat,4.5,21213.0
Museum Sumpah Pemuda,Museum Sejarah,Kota Jakarta Pusat,4.7,1302.0
Cibugary Farm - Wisata Edukasi Cibugary,Tujuan Wisata,Kota Jakarta Timur,4.6,781.0
Museum Sejarah Jakarta,Museum Sejarah,Kota Jakarta Barat,4.6,22846.0
Museum Bank Indonesia,Museum,Kota Jakarta Barat,4.7,11400.0
Museum Nasional Indonesia,Museum,Kota Jakarta Pusat,4.7,20211.0
Taman Ayodia - Barito,Taman Kota,Kota Jakarta Selatan,4.6,11731.0
Monumen Nasional,Monumen,Kota Jakarta Pusat,4.6,122040.0
Jakarta AQuarium Safari,Akuarium,Kota Jakarta Barat,4.8,20494.0
Museum Wayang,Museum Seni,Kota Jakarta Barat,4.5,5135.0
Museum Tekstil Jakarta,Museum,Kota Jakarta Barat,4.5,3158.0
Museum MACAN,Museum Seni,Kota Jakarta Barat,4.5,11758.0
Museum Seni Rupa dan Keramik - Kota Tua Jakarta,Museum Seni,Kota Jakarta Barat,4.5,3871.0
Museum Bahari Jakarta,Museum Bahari,Jakarta Utara,4.5,3468.0
LAWANG SURYAKANCANA,Tujuan Wisata,Kota Bogor,4.6,1233.0
Penangkaran Rusa Situ Gede,Tujuan Wisata,Kota Bogor,4.4,183.0
Genus Coffee & Boutique,Tujuan Wisata,Kota Bogor,4.8,788.0
Marcopolo Water Adventure Bogor,Tujuan Wisata,Kota Bogor,4.5,7223.0
Rivera Outbound & Edutainment,Tujuan Wisata,Kota Bogor,4.6,1346.0
Kebun Raya Bogor,Tujuan Wisata,Kota Bogor,4.7,104142.0
Kampung Labirin,Tujuan Wisata,Kota Bogor,4.6,116.0
Tugu Kujang Bogor,Tujuan Wisata,Kota Bogor,4.7,14815.0
Taman Meksiko,Tujuan Wisata,Kota Bogor,4.6,1995.0
ridwan guide bogor,Penyelenggara Perjalanan,Kota Bogor,4.9,193.0
Museum Zoologi,Tujuan Wisata,Kota Bogor,4.5,6790.0
Museum & Monumen PETA,Tujuan Wisata,Kota Bogor,4.6,1725.0
Museum Tanah dan Pertanian,Tujuan Wisata,Kota Bogor,4.7,823.0
Sumber Karya Indah - SKI Bogor,Tujuan Wisata,Kota Bogor,4.3,4558.0
Hopa Place,Restoran,Kota Bogor,4.8,2220.0
Adamar Kitchen and Lounge,Restoran,Kota Bogor,4.7,4349.0
HAGU Coffee & Space,Kedai Kopi,Kota Bogor,4.6,1253.0
Billiard Pangrango,Tempat Biliar,Kota Bogor,4.2,409.0
Roofpark Cafe & Restaurant Bogor,Kafe,Kota Bogor,4.5,3446.0
Raindear Coffee House,Kedai Kopi,Kota Bogor,4.9,3565.0
Hujan Rempah,Restoran,Kota Bogor,4.8,4115.0
Kuntum Farmfield,Tujuan Wisata,Kota Bogor,4.5,5460.0
Kampung Durian Rancamaya,Tujuan Wisata,Kota Bogor,4.1,222.0
The Jungle Waterpark Bogor,Tujuan Wisata,Kota Bogor,4.5,26995.0
Saung Eling,Tujuan Wisata,Kota Bogor,4.5,345.0
Himam Tour - Travel Umroh Bogor,Biro Perjalanan dan Wisata,Kota Bogor,5.0,113.0
Hutan Hujan (Coffee Shop),Kedai Kopi,Kota Bogor,4.8,862.0
Sisi Barat Coffee River View,Kedai Kopi,Kota Bogor,4.5,818.0
dokter backpacker - TRAVEL MURAH LIBURAN KE LUAR NEGERI,Biro Perjalanan dan Wisata,Kota Bogor,5.0,135.0
ZAMA HOUSE,Kafe,Kota Bogor,4.9,855.0
Kebin Coffee & Eatery,Kafe,Kota Bogor,4.7,1450.0
Teras Leuweung Awi,Kafe,Kota Bogor,4.5,545.0
Starbucks Coffee,Kedai Kopi,Kota Bogor,4.6,2227.0
De'Jati Coffee Garden,Kedai Kopi,Kota Bogor,4.5,1013.0
Museum Balai Kirti,Tujuan Wisata,Kota Bogor,4.7,1055.0
Museum Nasional Sejarah Alam Indonesia,Tujuan Wisata,Kota Bogor,4.6,1344.0
Devoyage Bogor,Tujuan Wisata,Kota Bogor,4.1,15556.0
Kedai Surabi Duren,Restoran,Kota Bogor,4.6,269.0
Wr/rm kopi & lesehan bang paul puncak habibi,Tujuan Wisata,Kabupaten Sukabumi,4.6,2138.0
Pantai Pelabuhan Ratu – Wisata Pantai Sukabumi,Tujuan Wisata,Kota Palabuhanratu,4.6,4359.0
Puncak Habibie wr/lesehan PUSPA,Tujuan Wisata,Kabupaten Sukabumi,4.7,252.0
Wisata Alam Pantai Sukawayana,Tujuan Wisata,Kabupaten Sukabumi,4.4,330.0
Pantai Palangpang Geopark Ciletuh Sukabumi,Tujuan Wisata,Kabupaten Sukabumi,4.5,1902.0
Geopark Ciletuh,Tujuan Wisata,Kabupaten Sukabumi,4.6,8071.0
Pantai Pasir Putih (P. Kunti),Tujuan Wisata,Kabupaten Sukabumi,4.6,125.0
Taman Bumi Ciletuh Palabuhanratu,Tujuan Wisata,Kabupaten Sukabumi,4.5,2034.0
Pantai Karang Sari,Tujuan Wisata,Kabupaten Sukabumi,4.4,268.0
Desa Wisata Hanjeli ᮓᮦᮞ ᮝᮤᮞᮒ ᮠᮔ᮪ᮏᮨᮜᮤ,Tujuan Wisata,Kabupaten Sukabumi,4.7,104.0
Curug Sodong,Tujuan Wisata,Kabupaten Sukabumi,4.6,5093.0
Pantai Pelabuhan Ratu,Tujuan Wisata,Kabupaten Sukabumi,4.7,1050.0
Pantai Loji Pelabuhan Ratu,Tujuan Wisata,Kabupaten Sukabumi,4.3,298.0
Pantai Cikembang,Tujuan Wisata,Kabupaten Sukabumi,4.4,503.0
Pantai Loji Pelabuhan Ratu,Tujuan Wisata,Kabupaten Sukabumi,4.7,341.0
Bukit Paralayang Ciletuh,Tujuan Wisata,Kabupaten Sukabumi,4.7,202.0
Gunung Tumpeng,Tujuan Wisata,Kabupaten Sukabumi,4.5,128.0
Tanjakan Dini,Tujuan Wisata,Kabupaten Sukabumi,4.9,215.0
Bukit Durian Sagara Sukamaju – Wisata Alam,Tujuan Wisata,Kabupaten Sukabumi,4.4,996.0
Pondok Astika,Tujuan Wisata,Kabupaten Sukabumi,4.4,3524.0
Curug Cimarinjung,Tujuan Wisata,Kabupaten Sukabumi,4.6,2885.0
Bukit Sunset Hill VIlla Resto n Cafe,Tujuan Wisata,Kabupaten Sukabumi,4.4,881.0
Curug Cikanteh,Tujuan Wisata,Kabupaten Sukabumi,4.7,1167.0
Gardu Pandang Puncak Gebang,Tujuan Wisata,Kabupaten Sukabumi,4.6,1378.0
Curug Larangan,Tujuan Wisata,Kabupaten Sukabumi,4.8,455.0
Vihara Nam Hai Kwan Se Im Pu Sa,Tujuan Wisata,Kabupaten Sukabumi,4.6,1774.0
Puncak Buluh - Jampang Sukabumi,Tujuan Wisata,Kabupaten Sukabumi,4.3,372.0
Villa Geopark Ciletuh Sukabumi,Hotel,Kabupaten Sukabumi,4.5,136.0
Puncak Darma Geopark,Taman,Kabupaten Sukabumi,4.7,1320.0
Homestay abreho tomboy,Biro Perjalanan dan Wisata,Kabupaten Sukabumi,4.6,157.0
Villa Familly pantai citepus pelabuhanratu,Vila,Kabupaten Sukabumi,4.0,120.0
Rumah Kopi Sagara,Kedai Kopi,Kabupaten Sukabumi,4.6,189.0
VILLA THE NUGROS,Hotel,Kabupaten Sukabumi,5.0,3716.0
Taman Kota Bekasi,Tujuan Wisata,Kota Bekasi,4.5,1834.0
Kelenteng Hok Lay Kiong,Tujuan Wisata,Kota Bekasi,4.7,929.0
Taman Hijau Pekayon,Tujuan Wisata,Kota Bekasi,4.4,1711.0
Taman Mahoni,Taman Kota,Kota Bekasi,4.7,115.0
Widarin Vacation by PT Wisatapreneur Daring Indonesia,Biro Wisata,Kota Bekasi,4.9,2441.0
Trans Snow World Bekasi,Wahana Bermain Salju Dalam Ruangan,Kota Bekasi,4.4,7022.0
Galaxy Tirtamas Club,Tujuan Wisata,Kota Bekasi,4.3,4886.0
Koma Junkyard,Tempat Minum Bir Luar Ruangan,Kota Bekasi,4.4,3803.0
Mattea Social Space - Bekasi,Bistro,Kota Bekasi,4.8,2228.0
Galleri Kopi,Tempat acara,Kota Bekasi,4.9,215.0
Lagoon Avenue Mall Bekasi,Pusat Perbelanjaan,Kota Bekasi,4.4,10110.0
Cafe Tutur Bekasi,Kafe,Kota Bekasi,4.9,3766.0
Halal Holidays id : Paket Wisata Halal Dunia dan Umroh Plus,Biro Perjalanan dan Wisata,Kota Bekasi,5.0,161.0
Meetcation Tour & Travel,Biro Perjalanan dan Wisata,Kota Bekasi,4.9,173.0
Avenir Tour and Travel,Biro Perjalanan dan Wisata,Kota Bekasi,4.9,1341.0
Grand Galaxy Park,Pusat Perbelanjaan,Kota Bekasi,4.5,29046.0
Tanatap Coffee Bekasi,Kedai Kopi,Kota Bekasi,4.8,1463.0
Yusra Inn Hotel,Hotel,Kota Bekasi,4.3,3054.0
Kedai Maniac,Kafe,Kota Bekasi,4.4,791.0
KOZI Coffee Bekasi,Kafe,Kota Bekasi,4.7,827.0
Bomber Burger - Bekasi,Restoran,Kota Bekasi,4.8,3192.0
Blackswan Coffee House,Kedai Kopi,Kota Bekasi,4.4,767.0
Teras Jahe - Pekayon,Kafe,Kota Bekasi,4.7,328.0
BRIDGE CLUB KARAOKE BILLIARD,Klub Disko,Kota Bekasi,4.4,602.0
Playtopia Pakuwon Mall Bekasi,Taman bermain,Kota Bekasi,4.8,242.0
Sastra Kopi,Kedai Kopi,Kota Bekasi,4.7,317.0
Madam Sichuan Pakuwon Bekasi,Restoran,Kota Bekasi,4.9,683.0
Tahu Gejrot Galaxy,Restoran,Kota Bekasi,4.5,252.0
Roji Ramen Revo Mall Bekasi,Restoran Ramen,Kota Bekasi,4.9,1412.0
FIRST FROZEN KINGDOM - Revo Mall,Wahana Bermain Salju Dalam Ruangan,Kota Bekasi,4.3,4100.0
Kopi Bajawa Flores NTT,Kedai Kopi,Kota Bekasi,4.7,1534.0
"Martabak Sinar Senayan Pekayon jaya, Bekasi Selatan",Restoran Martabak,Kota Bekasi,4.7,313.0
Yard Coffee,Kedai Kopi,Kota Bekasi,4.8,687.0
Seafood Tigadara Pekayon,Restoran Seafood,Kota Bekasi,4.6,2123.0
Ebiga Jjamppong Pakuwon Mall Bekasi,Restoran Korea,Kota Bekasi,4.9,814.0
Karnivor Pakuwon Mall Bekasi,Restoran Steak,Kota Bekasi,4.9,792.0
Kopi Tala Galaxy,Kafe,Kota Bekasi,4.7,587.0
Kopi Koup+,Kedai Kopi,Kota Bekasi,4.7,593.0
Phở Ba Bà - Pakuwon Mall Bekasi,Restoran Pho,Kota Bekasi,5.0,2539.0
Malamig Coffee,Kedai Kopi,Kota Bekasi,4.8,203.0
moeda coffee,Kedai Kopi,Kota Bekasi,4.8,189.0
Sop Janda Jawa Sunda,Restoran,Kota Bekasi,4.3,2013.0
Bebek Ella - Bekasi Selatan,Restoran Jawa Timur,Kota Bekasi,4.3,1772.0
Four Points by Sheraton Bekasi,Hotel,Kota Bekasi,4.9,259.0
Botanique Lounge | Bekasi,Restoran,Kota Bekasi,4.9,372.0
Situ Gede Pintu Masuk,Tujuan Wisata,Kab. Tasikmalaya,4.4,172.0
Taman Rekreasi Mangkubumi Park,Tujuan Wisata,Kab. Tasikmalaya,4.5,1609.0
Taman Bermain Dadaha,Taman,Kab. Tasikmalaya,4.5,112.0
Pasir Pataya Tasikmalaya,Tujuan Wisata,Kab. Tasikmalaya,4.3,631.0
Tugu Asmaul Husna,Tujuan Wisata,Kab. Tasikmalaya,4.5,432.0
Alun-Alun Kota Tasikmalaya,Tujuan Wisata,Kab. Tasikmalaya,4.6,9119.0
Kafe Balarea Kopi,Kafe,Kab. Tasikmalaya,4.6,339.0
ROEMPI-Awipari,Kafe,Kab. Tasikmalaya,4.5,231.0
Kedai Rz,Kedai Kopi,Kab. Tasikmalaya,4.3,184.0
Rumah Makan Sate Condong,Restoran Sate,Kab. Tasikmalaya,4.5,414.0
Cangkang Kopi,Kafe,Kab. Tasikmalaya,4.5,669.0
Roemah,Kafe,Kab. Tasikmalaya,4.7,178.0
Today's Coffee,Kedai Kopi,Kab. Tasikmalaya,4.6,291.0
PA-Brick Space,Kafe,Kab. Tasikmalaya,4.6,162.0
Narassi Coffee,Kedai Kopi,Kab. Tasikmalaya,4.7,546.0
Taruh Coffee Roastery,Kedai Kopi,Kab. Tasikmalaya,4.7,236.0
911 Coffee,Kedai Kopi,Kab. Tasikmalaya,4.3,221.0
Warung Tepi Rel,Kafe,Kab. Tasikmalaya,4.5,388.0
Kopi Kenangan - Ruko Martadinata Tasikmalaya,Kedai Kopi,Kab. Tasikmalaya,4.7,216.0
Bubur Biasa Malam,Restoran Bubur,Kab. Tasikmalaya,4.6,413.0
Kopi Siloka - Indihiang,Kedai Kopi,Kab. Tasikmalaya,4.5,987.0
Yo Tours & Travel,Biro Perjalanan dan Wisata,Kab. Tasikmalaya,4.9,294.0
MAYASI RANCABANGO,Restoran,Kab. Tasikmalaya,4.5,691.0
Caspia Coffee,Kedai Kopi,Kab. Tasikmalaya,4.9,746.0
"Kopi Rempah Trem, Tasikmalaya",Kedai Kopi,Kab. Tasikmalaya,4.5,628.0
Pull and Shot Coffee,Kedai Kopi,Kab. Tasikmalaya,4.8,787.0
KARMA COFFEE TASIKMALAYA,Kedai Kopi,Kab. Tasikmalaya,4.7,131.0
Rumah Kopi Baretto,Kedai Kopi,Kab. Tasikmalaya,4.5,857.0
Kupat Tahu Taman Putra Simpang Lima,Restoran Tahu,Kab. Tasikmalaya,4.5,241.0
SOMETHINK COFFEE,Kedai Kopi,Kab. Tasikmalaya,4.7,121.0
Warung Sate Madura H. Saipuddin,Restoran Sate,Kab. Tasikmalaya,4.6,464.0
Warung Ketan Susu WKS,Kafe,Kab. Tasikmalaya,4.5,1069.0
TOMORO COFFEE - Martadinata Tasikmalaya,Kedai Kopi,Kab. Tasikmalaya,4.9,230.0
Soulja,Kedai Kopi,Kab. Tasikmalaya,5.0,123.0
Kebon Djati Eatery,Restoran Keluarga,Kab. Tasikmalaya,4.5,1363.0
Kopitiam 242,Kedai Kopi,Kab. Tasikmalaya,4.5,338.0
Citebaks,Restoran Martabak,Kab. Tasikmalaya,4.5,319.0
"Sate Senayan, Cinere",Restoran Indonesia,Kota Depok,4.4,881.0
Setu cilangkap,Tujuan Wisata,Kota Depok,4.5,238.0
Algontory stable dpk,Tujuan Wisata,Kota Depok,4.7,104.0
Studio Alam TVRI Depok Jawa Barat,Studio film,Kota Depok,4.3,4013.0
Kopi Kenangan - Ruko Gandul,Kedai Kopi,Kota Depok,4.5,417.0
Danau Kenanga,Tujuan Wisata,Kota Depok,4.7,1397.0
Taman Pemuda Pratama,Tujuan Wisata,Kota Depok,4.5,3150.0
Walking Drums Margonda Depok,Kafe,Kota Depok,4.5,2096.0
ARTiVATOR,Tempat acara,Kota Depok,4.3,1855.0
Bagi Kopi Margonda Raya,Kedai Kopi,Kota Depok,4.7,1502.0
HANGGAR KOPI - Cafe dan Coffee Roastery,Tempat acara,Kota Depok,4.6,502.0
Knanga Kulineri,Restoran,Kota Depok,4.4,1094.0
Warnoes Margonda,Kedai Kopi,Kota Depok,4.7,632.0
LOUIS CAFE,Kafe,Kota Depok,4.6,1925.0
Dopamine Avenue,Kedai Kopi,Kota Depok,4.5,505.0
Hidden Haus Space,Kedai Kopi,Kota Depok,4.6,481.0
Djournal Coffee - Margo City,Kedai Kopi,Kota Depok,4.8,854.0
Point Coffee,Kedai Kopi,Kota Depok,4.9,193.0
oi coffee & eatery,Kedai Kopi,Kota Depok,4.9,2676.0
Kampung Kecil Depok Sawangan,Restoran,Kota Depok,4.7,7580.0
D'Kandang Amazing Farm,Tujuan Wisata,Kota Depok,4.3,7170.0
Situ Sidomukti,Tujuan Wisata,Kota Depok,4.3,591.0
Kolam Renang Putri Duyung,Tujuan Wisata,Kota Depok,4.5,1107.0
Taman Mekarsari,Tujuan Wisata,Kota Depok,4.5,1109.0
Putri Duyung Waterboom,Tujuan Wisata,Kota Depok,4.5,2915.0
Green Lake View Waterpark,Tujuan Wisata,Kota Depok,4.3,3746.0
Canon Billiard,Tempat Biliar,Kota Depok,4.4,940.0
PT Ventura Semesta Wisata (Ventour),Biro Perjalanan dan Wisata,Kota Depok,4.9,2230.0
Fat Bubble Margonda,Restoran Hidangan Penutup,Kota Depok,4.5,2405.0
Warnoes Juanda,Kedai Kopi,Kota Depok,4.6,840.0
Bajawa Flores NTT Depok,Kedai Kopi,Kota Depok,4.7,2684.0
INTERAKSI SPACE,Kedai Kopi,Kota Depok,4.5,1737.0
Ruangnamu,Kafe,Kota Depok,4.7,1446.0
Starbucks Coffee - Margonda Raya,Kedai Kopi,Kota Depok,4.6,1974.0
Starbucks Coffee - Margo City,Kedai Kopi,Kota Depok,4.6,2038.0
Situ Sawangan Bojongsari,Tujuan Wisata,Kota Depok,4.3,309.0
Ol’ Pops Coffee Cinangka,Kafe,Kota Depok,4.6,1320.0
Kopi Per Hari (Kopi/Hari) Pengasinan,Kafe,Kota Depok,4.9,1242.0
Goeboek Bamboe Cinangka,Restoran Seafood,Kota Depok,4.4,1373.0
Gemintang,Restoran Keluarga,Kota Depok,4.9,1516.0
Ramen Giant Cijerah,Restoran Ramen,Kota Cimahi,4.3,1171.0
SEBLAK TEH BETTY CIMAHI,Restoran seblak,Kota Cimahi,4.6,484.0
Indomaret,Minimarket,Kota Cimahi,4.0,139.0
Momoyo - Cijerah Melong Asih,Toko Es Krim,Kota Bandung,4.6,273.0
Indomaret,Minimarket,Kota Cimahi,4.3,170.0
Taman Kartini,Tujuan Wisata,Kota Cimahi,4.3,4775.0
Masjid Jami' Al Baakhirah,Tujuan Wisata,Kota Cimahi,4.8,1093.0
Bunderan Leuwigajah,Taman Kota,Kota Cimahi,4.2,2496.0
Kopi Insight Cabang Baros Cimahi,Kedai Kopi,Kota Cimahi,4.9,3604.0
Kampung Cireundeu,Pusat kebudayaan,Kota Cimahi,4.7,508.0
Alfamart Nanjung Cibodas,Minimarket,Kota Cimahi,3.9,143.0
Venus Cimahi,Tujuan Wisata,Kota Cimahi,4.6,1158.0
Kampung Buyut Cipageran (Kabuci) Asih Putera,Tujuan Wisata,Kota Cimahi,4.5,2712.0
Plaza Taman Rakyat Pemkot Cimahi,Taman,Kota Cimahi,4.3,156.0
Gadespace Cimahi,Tempat acara,Kota Cimahi,4.9,135.0
Alun alun cimahi,Taman,Kota Cimahi,4.8,193.0
"Joffi Ramen, Dimsum - Cimahi Kota",Restoran Ramen,Kota Cimahi,4.7,1014.0
TEMU KITA COFFEE TERRACE,Kedai Kopi,Kota Cimahi,4.6,430.0
Neka Kopi,Kedai Kopi,Kota Cimahi,4.2,2230.0
Kopi Calf To Go Cimahi,Kedai Kopi,Kota Cimahi,4.8,178.0
Huna Ruma,Kafe,Kota Cimahi,4.8,104.0
EIGER Adventure Store Raya Barat Cimahi,Toko Olahraga Luar Ruangan,Kota Cimahi,4.9,358.0
DAHAN COFFEE BACKYARD,Kedai Kopi,Kota Cimahi,4.8,285.0
Warung Kopi Duren,Kedai Kopi,Kota Cimahi,4.8,462.0
Indomaret,Minimarket,Kota Cimahi,4.4,179.0
Roempi Coffee Cimahi,Kafe,Kota Cimahi,4.7,148.0
Wizzmie Cimahi,Restoran Mie,Kota Cimahi,4.7,5917.0
Milkyverse Cimahi,Taman bermain,Kota Cimahi,4.4,203.0
Ramayana Cimahi,Toko Pakaian,Kota Cimahi,4.3,3297.0
Ganesha Operation Cimahi,Pusat Belajar,Kota Cimahi,5.0,454.0
MINISO CIMAHI OFFICIAL STORE,Pusat Perbelanjaan,Kota Cimahi,4.7,189.0
Rabbani Cimahi,Toko Pakaian,Kota Cimahi,4.6,1019.0
KiFC Photo Studio Cimahi,Studio Fotografi,Kota Cimahi,4.7,1589.0
RM. Ibu Haji Cijantung (IHC) ASLI Purwakarta,Restoran Sunda,Kota Cimahi,4.3,1588.0
Baso Laswi Cimahi,Restoran,Kota Cimahi,4.8,331.0
Sentra Ikan Hias,Pasar,Kota Cimahi,4.7,187.0
BCA KCP Cimahi,Bank,Kota Cimahi,3.9,166.0
Bank Mandiri,Bank,Kota Cimahi,4.7,1120.0
Chita tour and travel,Biro Perjalanan dan Wisata,Kota Cimahi,5.0,192.0
Cenghar Kopi,Kedai Kopi,Kota Cimahi,4.4,2539.0
Bento Kopi Cimahi,Kedai Kopi,Kota Cimahi,4.5,805.0
British American Tobacco (BAT),Tujuan Wisata,Kota Cirebon,4.6,3040.0
Alun-Alun Kejaksan Kota Cirebon,Tujuan Wisata,Kota Cirebon,4.5,17345.0
Kalijaga,Tujuan Wisata,Kota Cirebon,4.4,105.0
Taman Wisata Goa Sunyaragi Cirebon,Tujuan Wisata,Kota Cirebon,4.4,12841.0
Petilasan Sunan Kalijaga,Tujuan Wisata,Kota Cirebon,4.6,893.0
Pantai Kejawanan Kota Cirebon,Tujuan Wisata,Kota Cirebon,4.1,5601.0
Ki Gede Pedati,Tujuan Wisata,Kota Cirebon,4.6,113.0
Keraton Kasepuhan,Tujuan Wisata,Kota Cirebon,4.5,17433.0
Masjid Merah Panjunan,Tujuan Wisata,Kota Cirebon,4.7,1253.0
Masjid Raya At-Taqwa Kota Cirebon,Tujuan Wisata,Kota Cirebon,4.8,12684.0
Cirebon Waterland Ade Irma Suryani,Tujuan Wisata,Kota Cirebon,4.1,7620.0
Keraton Kacirebonan,Tempat acara,Kota Cirebon,4.6,2282.0
Penggung,Restoran,Kota Cirebon,4.7,123.0
Rengganis rumah buku & kopi,Kedai Kopi,Kota Cirebon,4.8,207.0
Alfamart Sudirman-Cirebon,Minimarket,Kota Cirebon,4.1,143.0
Gedung Negara Cirebon,Tujuan Wisata,Kota Cirebon,4.6,345.0
RedDoorz near Kejaksan Station Cirebon,Hotel,Kota Cirebon,4.0,137.0
Ini Kopi Ulon,Kedai Kopi,Kota Cirebon,4.8,403.0
"My Story Cafe, Bistro & Social House",Kafe,Kota Cirebon,4.5,1306.0
Indomaret Mayor Sastra Atmadja,Minimarket,Kota Cirebon,4.4,181.0
Terajeh Coffee and Steak House,Kedai Kopi,Kota Cirebon,4.5,1359.0
Aethernic Clinic Cirebon,Klinik Perawatan Kulit,Kota Cirebon,5.0,354.0
Nobu Bank Cirebon,Bank,Kota Cirebon,4.9,155.0
GADO-GADO AYAM MANG DJUM CIREBON,Restoran Indonesia,Kota Cirebon,4.5,373.0
Rumah Kue Nyonya Lani,Toko Kue,Kota Cirebon,4.4,272.0
Bakso Rudal Mas Kemet,Restoran Bakso,Kota Cirebon,4.3,167.0
Serabi Pulasaren,Pujasera,Kota Cirebon,4.5,220.0
Soto Ayam Semarang - Pulasaren,Restoran Jawa,Kota Cirebon,4.5,298.0
Baso Sidodadi Mas Joni,Restoran Bakso,Kota Cirebon,4.6,639.0
EO Fun games & City tour,Kantor Perusahaan,Kota Cirebon,5.0,161.0
Andalus City Cirebon,Pusat Bisnis,Kota Cirebon,4.6,266.0
Ini Kopi Ulon Ciremai Raya,Kafe,Kota Cirebon,4.8,485.0
Wizzmie Cirebon kesambi,Restoran,Kota Cirebon,4.8,14525.0
Richeese Factory Ciremai Raya,Restoran,Kota Cirebon,4.5,621.0
Museum Kota Lama,Museum,Kota Semarang,4.6,1530.0
Pura Agung Giri Natha Semarang,Pura,Kota Semarang,4.8,1366.0
Museum Kereta Api Ambarawa,Museum Rel Kereta,Kabupaten Semarang,4.6,15971.0
Monumen Palagan Ambarawa,Monumen,Kabupaten Semarang,4.5,4715.0
GPIB Immanuel Semarang (Gereja Blenduk),Gereja Protestan,Kota Semarang,4.6,2729.0
Masjid Kapal Assafinatun Najah,Masjid,Kota Semarang,4.1,2617.0
Pecinan Semarang,Tujuan Wisata,Kota Semarang,4.5,4434.0
Taman Kasmaran,Taman,Kota Semarang,4.5,1141.0
Lawang Sewu Semarang,Tujuan Wisata,Kota Semarang,4.6,70474.0
Hutan Wisata Tinjomoyo Semarang,Bumi perkemahan,Kota Semarang,4.3,974.0
Desa Wisata Lembah Kalipancur,Tujuan Wisata,Kota Semarang,3.9,2049.0
Lisin gedongsongo,Tujuan Wisata,Kabupaten Semarang,4.6,17059.0
Kolam Renang Tirto Argo Siwarak,Taman Rekreasi Air,Kabupaten Semarang,4.4,4440.0
SAM POO KONG,Vihara,Kota Semarang,4.5,28040.0
Grand Maerakaca Taman Mini Jawa Tengah,Tujuan Wisata,Kota Semarang,4.4,5527.0
Pantai Cipta,Pantai Umum,Kota Semarang,4.1,824.0
Pantai Marina,Tujuan Wisata,Kota Semarang,4.2,16336.0
Jembatan Biru Sumurup Rawa pening,Tujuan Wisata,Kabupaten Semarang,4.3,2789.0
Taman Pandanaran,Taman Kota,Kota Semarang,4.4,1890.0
Masjid Agung Al Mabrur Ungaran,Masjid,Kabupaten Semarang,4.7,694.0
Taman Indonesia Kaya,Taman Kota,Kota Semarang,4.6,15191.0
Tugu Muda Semarang,Bangunan Bersejarah,Kota Semarang,4.7,14852.0
Thematic Kampung Jawi,Tujuan Wisata,Kota Semarang,4.6,2880.0
Air Terjun Semirang,Tujuan Wisata,Kabupaten Semarang,4.6,1665.0
Kebun Durian dan Wisata Edukasi Watu Simbar,Tujuan Wisata,Kota Semarang,4.1,849.0
Kampung Batik Gedong Semarang,Tujuan Wisata,Kota Semarang,4.4,1400.0
Gua Maria Kerep Ambarawa,Tempat Ziarah,Kabupaten Semarang,4.9,4373.0
Kampoeng Rawa,Tujuan Wisata,Kabupaten Semarang,4.3,3677.0
Kampoeng Kopi Banaran,Tujuan Wisata,Kabupaten Semarang,4.4,14728.0
Jurang Tembelan Kanigoro,Tujuan Wisata,Kabupaten Bantul,4.5,4138.0
Lava Bantal,Taman,Kabupaten Sleman,4.4,1224.0
Goa Rancang Kencono,Tujuan Wisata,Kabupaten Gunungkidul,4.3,810.0
Watu Goyang,Tujuan Wisata,Kabupaten Bantul,4.4,1650.0
Bunker Kaliadem Merapi,Tujuan Wisata,Kabupaten Sleman,4.6,17779.0
Pasar Kebon Empring Bintaran,Tujuan Wisata,Kabupaten Bantul,4.5,3035.0
The World Landmarks - Merapi Park Yogyakarta,Taman,Kabupaten Sleman,4.3,18501.0
Pintoe Langit Dahromo,Tujuan Wisata,Kabupaten Bantul,4.4,1304.0
Tebing Breksi,Tujuan Wisata,Kabupaten Sleman,4.5,66576.0
Embung Tambakboyo,Taman,Kabupaten Sleman,4.4,11059.0
Teras Kaca Pantai Nguluran,Titik Pemandangan,Kabupaten Gunungkidul,4.1,3517.0
Gembira Loka Zoo (Pintu masuk Timur),Kebun Binatang,Kota Yogyakarta,4.6,51548.0
Puncak Segoro,Tujuan Wisata,Kabupaten Gunungkidul,4.4,2991.0
Galaxy Waterpark,Taman Rekreasi Air,Kabupaten Bantul,4.4,3923.0
Hutan Pinus Asri,Area Rekreasi Alam,Kabupaten Bantul,4.5,5056.0
The Lost World Castle,Tujuan Wisata,Kabupaten Sleman,4.3,22325.0
Kebun Teh Nglinggo,Tujuan Wisata,Kabupaten Kulon Progo,4.5,4340.0
Wisata Alam Kalibiru,Tujuan Wisata,Kabupaten Kulon Progo,4.4,7538.0
Goa Pindul,Tujuan Wisata,Kabupaten Gunungkidul,4.5,8172.0
Taman Pelangi Jogja,Taman Hiburan,Kabupaten Sleman,4.2,6122.0
Bukit Wisata Pulepayung,Tujuan Wisata,Kabupaten Kulon Progo,4.5,4931.0
Kampung Wisata Taman Sari,Bangunan Bersejarah,Kota Yogyakarta,4.6,45138.0
Kebun Buah Mangunan,Tujuan Wisata,Kabupaten Bantul,4.7,5043.0
Bukit Paralayang Watugupit,Tujuan Wisata,Kabupaten Gunungkidul,4.7,14823.0
Kedung Pedut,Tujuan Wisata,Kabupaten Kulon Progo,4.5,3976.0
Seribu Batu Songgo Langit,Tujuan Wisata,Kabupaten Bantul,4.6,6884.0
Tugu Jogja,Bangunan Bersejarah,Kota Yogyakarta,4.8,51793.0
Geoforest Watu Payung Turunan,Tujuan Wisata,Kabupaten Gunungkidul,4.5,883.0
Bukit Lintang Sewu,Pusat Rekreasi,Kabupaten Bantul,4.5,3184.0
Monumen Serangan Umum 1 Maret 1949,Monumen,Kota Yogyakarta,4.6,2612.0
Bendhung Lepen,Tujuan Wisata,Kota Yogyakarta,4.7,1749.0
Pantai Indrayanti,Pantai Umum,Kabupaten Gunungkidul,4.5,10465.0
Watu Mabur Mangunan,Tujuan Wisata,Kabupaten Bantul,4.5,1033.0
Titik Nol Kilometer Yogyakarta,Tujuan Wisata,Kota Yogyakarta,4.8,57345.0
SKE City Park Yogyakarta,Taman Hiburan,Kabupaten Sleman,4.2,17364.0
Hutan Pinus Mangunan,Pusat Rekreasi,Kabupaten Bantul,4.6,27046.0
Gunung Api Purba Nglanggeran,Tujuan Wisata,Kabupaten Gunungkidul,4.6,3472.0
Hutan Pinus Pengger,Hutan Nasional,Kabupaten Bantul,4.5,27095.0
Pasar Tradisional Beringharjo,Pasar,Kota Yogyakarta,4.6,90007.0
Candi Borobudur,Vihara,Kabupaten Magelang,4.7,103467.0
Candi Prambanan,Pura,Kabupaten Sleman,4.7,107864.0
Pantai Kukup,Tujuan Wisata,Kabupaten Gunungkidul,4.6,6809.0
Candi Ijo,Pura,Kabupaten Sleman,4.8,2002.0
Bentara Budaya Yogyakarta (BBY),Pusat Kesenian,Kota Yogyakarta,4.6,1109.0
Kawasan Wisata Malioboro,Tujuan Wisata,Kota Yogyakarta,4.7,5438.0
Desa Wisata Pulesari,Tujuan Wisata,Kabupaten Sleman,4.5,3169.0
Wisata Hutan Mangrove Wana Tirta,Tujuan Wisata,Kabupaten Kulon Progo,4.1,1395.0
